#{"t_start": 1690096463.4583514, "env_id": "None"}
r,l,t
37.7375,42,1.768075
62.037187,66,2.122578
62.597812,66,2.450055
61.90875,66,2.777275
62.045937,66,3.110392
61.682812,66,3.469575
63.022812,66,3.851658
61.750625,66,4.181721
7.395625,9,4.221236
62.382187,66,4.546911
62.030625,66,4.856054
62.8175,66,5.321139
42.605938,46,5.564379
79.368125,83,6.001747
80.421875,83,6.474383
79.049375,83,6.970426
79.218125,83,7.414953
79.005313,83,7.834088
78.892813,83,8.363214
79.158438,83,8.786233
79.485313,83,9.253755
79.119063,83,9.678747
79.446563,83,10.140077
47.164062,51,10.402838
66.510937,75,10.796397
60.584688,66,11.145876
67.765625,75,11.539402
12.681875,14,11.615906
43.732813,48,11.879096
12.656563,14,11.954706
84.435,92,12.503749
85.579375,92,29.233834
43.599375,48,29.516865
59.674688,66,29.858867
46.223438,51,30.14383
83.265,92,30.670331
43.966875,48,30.946343
68.425312,75,31.3826
84.8775,92,31.969768
65.446875,75,32.396984
46.978125,51,32.690397
12.66625,14,32.750875
12.149063,14,32.818343
59.0375,66,33.156075
83.999062,92,33.719618
12.685625,14,33.791406
60.672187,66,34.189947
84.094062,92,34.741952
65.486875,75,35.266193
84.571562,92,35.850583
85.104687,92,36.386639
43.754688,48,36.675547
58.906563,66,37.095539
44.18625,48,37.384105
82.375312,92,37.936227
46.071562,51,38.249852
84.704375,92,38.833621
46.029439,51,39.139667
22.991677,26,39.287956
45.593814,51,39.569722
36.729821,40,39.775053
23.997615,26,39.945936
75.450089,85,40.47238
96.023731,106,57.538131
95.220606,106,58.184204
83.153559,94,58.777177
96.150606,106,59.427675
98.022481,106,60.152016
94.097481,106,60.873661
84.707621,94,61.470102
94.754668,106,62.164688
96.161543,106,62.848879
94.936856,106,63.421976
96.072793,106,64.146935
98.106231,106,64.785368
83.160312,91,65.382717
84.475,90,65.966472
82.49625,91,66.565511
82.340625,91,67.152958
82.407187,91,67.778659
83.413125,91,68.359493
83.386563,91,68.930763
82.582188,91,69.504586
85.4625,92,70.088177
82.868437,91,87.059156
84.476563,91,87.626553
84.801563,91,88.25678
83.843125,91,88.849889
83.484688,91,89.435112
83.225313,91,90.044134
82.979375,90,90.637626
86.076875,91,91.210462
85.37125,91,91.818036
42.78875,46,92.120866
82.865,91,92.725286
84.313438,91,93.368146
83.252188,91,93.960936
84.378438,91,94.50692
83.965313,91,95.135139
42.64,46,95.48759
83.055312,91,96.127594
83.114375,91,96.742487
84.393125,91,97.372331
85.31125,91,97.979345
83.590625,91,98.548972
85.616875,91,99.1571
84.784375,91,100.812189
85.078438,91,101.441423
85.418438,91,118.439241
83.6275,91,119.040057
83.91125,91,119.689054
84.0075,90,120.303982
84.145625,91,120.967079
84.734375,91,121.596881
91.16875,99,122.314293
83.779375,91,122.909399
83.42875,91,123.537638
84.72625,91,124.271313
84.099063,91,124.93397
86.720625,92,125.594965
84.707188,91,126.26329
82.749375,90,126.954021
83.732813,91,127.620837
84.495313,91,128.326009
84.084063,91,129.074894
84.279687,91,129.786517
85.935,91,130.443991
83.739063,91,131.100109
83.41625,91,131.81162
85.227813,91,132.514143
84.271875,91,149.521899
83.427813,91,150.260803
85.374688,91,150.954708
83.818438,91,151.632858
86.6075,91,152.304155
85.005,91,153.049363
84.745313,91,153.803486
85.137188,91,154.522446
83.783125,91,155.273494
83.9175,91,155.983444
84.271875,91,156.660424
83.367813,91,157.388757
86.622188,92,158.157932
84.069688,91,158.88447
83.38875,91,159.563106
83.675938,90,160.221026
84.265625,91,160.999093
85.7325,92,161.743958
83.8975,91,162.403945
85.333125,92,163.116597
85.820313,91,163.76863
83.995313,91,164.456688
85.717813,91,165.166303
84.011875,91,182.112815
84.842813,90,182.803491
83.823438,91,183.573008
86.450938,91,184.337974
84.140625,91,184.993443
84.589688,91,185.708847
85.121563,91,186.43607
85.534688,92,187.134042
84.10125,91,187.777868
84.76875,91,188.499776
87.264375,92,189.178477
85.313125,91,189.818299
84.965,91,190.4629
84.641563,91,191.146824
86.584375,91,191.841561
84.201875,91,192.491454
87.173125,91,193.226882
86.531563,92,193.951755
84.9375,92,194.671107
84.29875,91,195.297015
85.01875,91,195.977162
85.286563,91,196.604968
86.121875,91,213.659844
86.87,91,214.315719
87.070625,91,215.007343
87.67375,91,215.695446
86.08375,91,216.449948
84.460625,91,217.085837
85.92375,91,217.701373
86.017188,91,218.373927
87.469688,91,219.112207
84.254063,91,219.774775
85.886875,91,220.428855
86.713438,91,221.089278
85.618438,91,221.775918
84.696563,91,222.470935
83.73875,91,223.185935
86.018125,91,223.842666
85.054375,91,224.509187
84.563438,92,225.181618
83.945625,91,227.510884
85.671563,91,228.218049
84.562188,91,228.840903
86.949688,91,229.470639
87.000938,91,230.231289
86.334063,91,247.329555
87.354375,91,247.96321
84.1925,91,248.603166
87.208438,91,249.33157
84.29,91,250.051632
88.076875,92,250.776887
86.89125,91,251.438397
87.073438,91,252.165707
86.177188,91,252.87729
86.046875,91,253.500459
87.815,92,254.178279
85.870625,91,254.892837
86.590938,92,255.618066
86.923438,91,256.279793
84.585625,91,256.965182
83.639063,91,257.603064
88.44125,92,258.247836
85.653438,91,258.925458
86.2725,92,259.62056
85.518438,91,260.317359
85.70875,91,261.005175
86.94625,91,261.731879
94.730625,99,278.626988
93.594063,99,279.406783
87.3975,91,280.16551
87.34875,91,280.765039
87.750313,92,281.455101
88.135625,92,282.237471
84.969063,91,282.949385
86.8575,91,283.596159
85.097188,91,284.316168
88.93875,92,285.01464
85.339375,91,285.763377
89.039063,92,286.434496
87.200938,91,287.158245
87.624688,91,287.956256
114.486875,120,288.91823
92.7875,99,289.73631
87.07875,91,290.380343
88.682813,92,291.111868
87.73625,91,291.852323
87.844063,92,292.616282
86.4975,91,293.344242
92.924063,99,294.155209
114.94,120,311.266038
84.949375,91,311.972832
95.080938,99,312.809849
86.769688,91,313.510303
87.07875,91,314.231884
86.8875,91,315.067856
87.902813,92,315.84634
87.538438,91,316.557179
86.000625,91,317.390123
88.185625,91,318.209044
88.865938,91,318.923848
94.69375,99,319.811695
95.189688,99,320.693981
87.695625,91,321.472398
87.216563,92,322.2828
85.792813,91,322.967103
89.4475,92,323.784656
89.022188,92,324.624288
94.843438,99,325.450371
86.534375,91,326.153561
115.141563,120,327.12765
87.5625,91,344.123907
88.3025,92,344.918745
116.569375,120,345.953794
89.215,92,346.718275
88.0675,92,347.430575
116.325625,120,348.467773
89.26375,92,349.305294
89.356875,92,350.132179
89.440625,92,350.861077
88.819375,92,351.734247
85.88875,91,352.557236
88.691875,92,353.357604
94.31875,99,354.197163
89.523438,92,354.961464
87.315,91,355.771467
88.7,92,356.565196
89.391875,92,358.242965
88.966875,92,358.968625
89.320625,92,359.706684
88.177813,91,360.464002
89.583125,92,361.162795
114.429063,120,362.129359
86.754375,91,378.984204
89.567813,92,379.79616
87.479375,92,380.557093
87.545938,91,381.212783
89.876875,92,382.00047
89.346875,92,382.721287
114.994688,120,383.730259
88.900625,92,384.429687
86.964688,92,385.223917
89.455313,92,385.995615
88.59125,91,386.756142
88.811563,92,387.461504
88.705,92,388.146251
86.518438,91,388.886215
89.3075,92,389.674675
89.216563,92,390.394611
89.726875,92,391.142036
93.488125,98,391.945008
89.660625,92,392.713793
115.255,120,393.742867
96.51875,99,394.583116
85.585625,91,411.626144
87.657188,91,412.436195
88.81,92,413.24736
88.945938,92,413.929796
88.495,92,414.728479
89.873438,92,415.516575
86.569375,91,416.310331
95.482813,99,417.086985
94.46375,98,417.886883
89.6625,92,418.688128
89.758125,92,419.472809
87.314063,91,420.155411
89.156875,92,420.914159
90.176875,92,421.687843
86.803438,91,422.430658
89.410625,92,423.136726
89.965313,92,423.867204
95.695625,99,424.725821
90.445313,92,425.416513
90.3425,92,426.135821
88.668438,92,426.906635
89.411875,92,427.6783
88.898438,91,444.518456
88.160938,91,445.156423
89.38125,92,445.957856
89.798125,92,446.739325
89.845625,92,447.441471
88.418125,91,448.117928
89.15375,92,448.893297
87.52875,92,449.695554
86.500938,91,450.418115
88.670938,92,451.133554
89.950313,92,452.043678
89.518125,92,452.795343
88.19875,92,453.43893
89.664063,92,454.246276
90.010625,92,455.043784
90.100625,92,455.797851
96.008438,99,456.613712
89.261875,92,457.404043
89.859063,92,458.168346
89.930313,92,458.868035
89.868125,92,459.554544
89.1875,92,460.284663
88.636563,92,461.134065
89.815,92,478.288852
89.1625,91,478.976852
90.043125,92,479.781991
90.39375,92,480.605645
88.848125,92,481.371808
89.534375,92,482.071517
89.800625,92,482.875968
89.416875,92,483.619508
88.479375,91,484.311896
96.71,99,485.097633
90.049063,92,485.905099
89.631563,92,486.667516
89.85625,92,487.424758
89.597188,92,489.220317
89.814375,92,490.022344
90.117813,92,490.847083
88.171875,91,491.566928
88.266875,92,492.309674
90.16125,92,493.13085
90.177188,92,493.94546
89.119688,92,494.658564
88.996875,92,495.39261
89.971875,92,512.430789
90.035313,92,513.221757
89.457813,92,513.860307
89.208125,91,514.592563
89.731563,92,515.390951
89.797813,92,516.232638
89.700938,92,516.951635
89.974688,92,517.818139
87.833125,91,518.504461
90.293125,92,519.326806
89.725625,92,520.052014
90.17875,92,520.859187
89.781563,92,521.630665
90.433438,92,522.35763
90.427188,92,523.09567
89.270625,92,523.90145
96.697813,99,524.768715
90.263125,92,525.48365
89.595313,92,526.221302
90.084063,92,527.000775
89.882813,92,527.742611
90.06625,92,528.515672
96.8475,99,545.389186
90.13125,92,546.130231
90.129688,92,546.928629
86.856563,91,547.645097
89.673438,92,548.378632
89.892813,92,549.174848
89.859063,92,549.941286
88.745938,92,550.62277
90.099375,92,551.386059
90.009063,92,552.227736
90.214688,92,552.987185
89.22625,92,553.693996
90.2175,92,554.388926
90.211563,92,555.192296
89.751563,92,555.939591
90.281563,92,556.691402
89.67,92,557.448085
96.558438,99,558.348963
89.903125,92,559.065235
96.305938,99,559.876122
90.292813,92,560.666747
89.56125,92,561.492646
89.988125,92,578.717137
90.346563,92,579.569206
90.346875,92,580.330399
96.179375,99,581.075788
89.921563,92,581.826137
90.339063,92,582.742594
90.400938,92,583.494894
90.1275,92,584.195794
89.670938,92,585.001666
90.474375,92,585.887545
90.5675,92,586.630671
90.525,92,587.413289
88.9625,92,588.248642
90.587188,92,589.082702
90.378125,92,589.800618
90.384688,92,590.535845
90.3375,92,591.361947
90.252188,92,592.141192
90.184375,92,592.863431
90.126563,92,593.674835
90.413125,92,594.488175
90.324063,92,595.193439
90.297188,92,612.318221
90.48625,92,613.243215
88.836563,92,614.054719
90.330938,92,614.775643
95.446875,98,615.751375
90.400938,92,616.510614
116.109063,120,617.623611
90.555938,92,618.406495
89.998125,92,619.211473
88.189375,91,619.962403
90.392188,92,620.745643
90.174688,92,621.512692
90.309375,92,623.461634
90.299688,92,624.308495
90.510938,92,625.073905
90.09875,92,625.88347
90.5675,92,626.664378
90.151875,92,627.486843
89.762188,92,628.310067
90.3625,92,629.22411
90.56375,92,629.974531
90.571563,92,630.699737
89.87375,92,647.701943
90.34875,92,648.513113
90.25875,92,649.271783
90.075,92,650.09305
90.1675,92,650.882806
90.540313,92,651.656584
90.375625,92,652.469578
90.106563,92,653.163794
90.461563,92,654.108323
89.749063,92,654.883986
90.080313,92,655.639201
90.033438,92,656.409714
90.204375,92,657.285675
90.183438,92,658.116268
90.325,92,658.879166
90.063125,92,659.655936
90.26625,92,660.541983
90.2475,92,661.301377
90.556563,92,662.027902
90.349688,92,662.848681
90.150625,92,663.716472
89.54,92,664.449676
90.02875,92,681.326228
90.318125,92,682.119898
89.994375,92,682.967023
117.322813,120,684.032555
146.139664,149,685.335264
146.076227,149,686.540039
143.582477,149,687.822734
144.669664,149,689.160146
144.805914,149,690.481445
144.052789,149,691.781635
144.789664,149,693.040947
145.474352,149,694.339109
145.550602,149,695.590033
145.278414,149,696.838475
157.2475,162,698.332506
158.33875,162,715.995446
158.081563,162,717.352712
157.415313,162,718.837431
157.36,162,720.29086
157.040313,162,721.582664
157.905,162,722.971004
157.502188,162,724.419489
157.764063,162,725.798622
157.202813,162,727.20585
165.40843,173,728.821239
165.796867,173,730.415537
166.565305,173,731.970313
165.854992,173,749.886865
166.186555,173,751.478742
165.633117,173,753.053475
167.935617,174,754.785226
165.365305,173,756.306937
167.650305,173,757.910024
168.064055,174,760.89558
167.726242,173,762.461082
167.15593,174,764.109785
166.711867,173,765.611631
167.588117,173,767.207527
165.573117,173,768.806327
166.245617,173,786.676801
166.912492,173,788.227931
168.62343,174,789.812901
166.805305,174,791.390565
168.60468,174,792.998291
166.32218,173,794.635829
166.914992,173,796.286629
166.419055,173,797.78277
168.641867,174,799.498994
167.44843,173,801.183126
167.153117,173,802.829122
167.569055,174,804.400426
166.73843,173,822.195203
167.90593,173,823.799799
167.272492,173,825.348855
168.06718,174,827.004928
169.045617,174,828.642151
167.16468,173,830.295604
167.922805,174,831.931346
167.556555,173,833.530162
166.92843,173,835.06989
167.497492,173,836.652904
167.550617,173,838.271397
166.591242,173,839.919206
167.13093,173,857.56831
168.76968,174,859.142755
167.32343,173,860.731191
167.916242,173,862.462522
167.846242,173,864.044445
168.27593,173,865.672135
167.46093,173,867.299174
167.646242,173,868.933407
167.22968,173,870.465895
166.790305,173,872.119835
167.28718,174,873.65133
166.612492,173,875.262082
168.09843,173,893.055532
168.817805,174,894.684411
166.519367,172,896.172098
167.72593,173,897.772148
167.712492,173,901.060653
167.407492,173,902.742716
167.287492,173,904.365352
167.116555,173,905.904059
166.109992,173,907.520478
167.345305,173,909.087433
167.186555,173,910.667976
167.32093,173,928.401236
167.994992,173,929.892569
166.68593,174,931.457168
166.53843,172,933.086145
167.400305,173,934.664861
165.33968,172,936.157079
167.54468,173,937.767856
166.628742,173,939.318266
167.327492,173,940.900301
167.289055,173,942.477114
167.902492,173,944.021968
167.63593,173,945.647241
167.490305,173,963.603746
167.01718,173,965.263714
168.254992,173,966.791852
167.999367,173,968.521883
166.802805,173,970.113635
167.920305,173,971.588396
167.538742,173,973.175316
167.808117,173,974.776443
167.704367,173,976.33821
166.125617,172,977.989794
168.839367,173,979.55613
167.530617,173,981.125007
168.171242,173,999.252803
168.30468,173,1000.881638
168.958742,173,1002.435456
168.518742,173,1004.085998
169.45718,173,1005.643165
168.69593,173,1007.143029
167.929055,173,1008.792917
167.45968,173,1010.330287
168.557805,173,1011.861097
168.359992,173,1013.519065
167.710305,173,1015.041176
167.324055,173,1016.77765
167.349055,173,1034.638543
168.226555,173,1036.201121
167.268742,173,1037.842874
167.707805,173,1040.642748
167.924055,173,1042.196194
165.134367,173,1043.89947
169.121555,173,1045.510906
167.976555,173,1047.13237
167.450617,173,1048.752608
167.526867,173,1050.286165
165.347805,172,1051.970449
167.792805,173,1053.634521
168.48343,173,1071.65743
168.676242,173,1073.291841
168.63843,173,1074.900377
167.936242,173,1076.606512
168.152492,173,1078.211657
168.525617,173,1079.836481
168.80718,173,1081.420573
168.712492,173,1083.043384
168.05593,173,1084.684078
167.404055,172,1086.318856
168.332492,173,1087.892223
168.417805,173,1089.499506
167.223117,173,1107.519367
167.094367,173,1109.211821
167.041555,173,1110.942882
166.323117,173,1112.492025
169.081555,173,1114.115501
166.246242,173,1115.686609
167.44468,172,1117.299584
167.324055,173,1118.960508
167.73343,173,1120.500294
168.070617,173,1122.128413
168.33218,173,1123.726054
168.779992,173,1125.340916
167.74968,173,1143.377773
168.50468,173,1145.016151
168.35468,173,1146.620855
169.334992,173,1148.251481
169.16343,173,1149.841778
168.640305,173,1151.491586
167.99468,173,1153.183756
168.981242,173,1154.727001
168.273742,173,1156.398859
167.346242,173,1157.965281
168.354367,173,1159.621898
169.272492,173,1177.579912
169.773742,173,1179.190303
169.94968,173,1182.140495
168.21968,173,1183.828623
169.656242,173,1185.433388
168.85968,173,1187.172267
169.27593,173,1188.775265
169.424992,173,1190.421538
169.109367,173,1192.024852
168.395617,173,1193.675835
169.68718,173,1195.375393
168.515617,173,1197.00024
168.624055,173,1214.872325
169.937492,173,1216.48115
168.445617,172,1218.078059
169.648117,173,1219.689603
169.296242,173,1221.326252
169.264992,173,1222.939412
169.354367,173,1224.604557
169.069367,173,1226.200639
169.788742,173,1227.877712
168.23093,173,1229.520318
169.37843,173,1231.11701
169.256867,173,1232.780737
169.546242,173,1250.539049
169.478117,173,1252.235736
169.34093,173,1253.929854
169.22343,173,1255.573597
169.493742,173,1257.19257
168.695305,172,1258.876681
169.85218,173,1260.486971
169.242492,173,1262.184343
170.517492,174,1263.871831
169.55968,173,1265.451461
170.097805,173,1267.155571
169.40468,173,1268.826048
170.066555,173,1286.626738
169.253117,173,1288.251643
169.568117,173,1289.886357
169.598742,173,1291.584547
169.828742,173,1293.325107
169.71218,173,1294.973327
169.50468,173,1296.613675
168.813742,172,1298.298947
169.559055,173,1299.878802
169.813117,173,1301.523401
169.626242,173,1303.179974
102.791552,105,1304.081242
169.921867,173,1322.124141
169.988742,173,1324.918136
169.529367,173,1326.615906
169.80218,173,1328.295956
169.840617,173,1329.85702
169.640617,173,1331.496327
169.902805,173,1333.164788
169.988742,173,1334.779264
169.810617,174,1336.459095
169.813117,173,1338.165534
169.921867,173,1339.705462
169.831867,173,1341.487233
170.22093,174,1359.405272
170.371867,174,1361.005257
169.65718,174,1362.747873
169.267805,173,1364.357764
169.383117,173,1366.062448
170.320305,174,1367.743913
169.739367,173,1369.377708
102.959365,105,1370.437955
169.453742,173,1372.112992
169.47468,173,1373.833688
102.990615,105,1374.801305
169.06093,173,1376.346087
102.908427,105,1377.431609
169.643117,173,1395.175074
169.777492,173,1396.857982
170.051555,173,1398.584976
169.77968,173,1400.279341
169.718117,173,1401.974703
170.497492,174,1403.572813
169.506242,173,1405.261749
170.11343,173,1406.994057
169.93468,173,1408.697735
169.973117,173,1410.465251
169.522492,173,1412.069465
169.83218,173,1413.732086
168.33093,172,1431.415224
169.911555,173,1433.014028
169.904367,173,1434.687072
169.966867,173,1436.30125
170.051555,173,1437.92787
170.30218,174,1439.543028
167.913742,172,1441.171923
168.86593,172,1442.755959
103.00624,105,1443.696898
102.97499,105,1444.697694
169.661555,173,1446.391469
169.654992,173,1448.012712
169.926867,173,1466.916083
169.951242,173,1468.585809
169.552492,173,1470.206728
169.544055,173,1471.840333
169.90968,173,1473.473496
169.989055,173,1474.964817
169.525617,173,1476.626673
169.77093,173,1478.208816
169.98968,173,1479.750038
169.621242,173,1481.429926
169.856867,173,1482.914785
169.793117,173,1484.637131
169.594055,173,1502.256069
102.982802,105,1503.297378
169.91218,173,1504.803725
103.014052,105,1505.720068
169.89718,173,1507.303162
169.50968,173,1508.965845
169.587805,173,1510.501153
169.69593,173,1512.105206
169.385305,173,1513.686032
168.206555,172,1515.245012
169.826555,173,1516.897904
169.935617,173,1518.527015
169.693742,173,1520.032484
103.00624,105,1537.13037
169.812492,173,1538.775494
169.37218,173,1540.343496
169.35218,173,1541.913442
169.765305,173,1543.605973
169.72593,173,1545.127266
169.98968,173,1546.705862
169.881555,173,1548.316358
169.538742,173,1549.983181
170.036555,173,1551.598318
169.41843,173,1553.143893
169.85093,173,1554.847288
169.818742,173,1572.909981
169.827492,173,1574.602159
169.756867,173,1576.200552
169.63968,173,1577.842789
169.717805,173,1579.522963
170.06718,173,1581.082578
168.796867,172,1582.710634
103.014052,105,1583.656681
169.873742,173,1585.252352
103.00624,105,1586.240189
169.974055,173,1587.922272
169.665305,173,1590.836023
169.982492,173,1592.484236
169.489367,173,1610.506772
169.26718,173,1612.11412
169.848117,173,1613.791751
169.488117,173,1615.306324
169.86468,173,1616.795153
169.848742,173,1618.494377
170.06718,173,1620.078706
169.731242,173,1621.828943
169.95843,173,1623.453971
169.796242,173,1624.968815
169.739055,173,1626.595536
169.982492,173,1628.116214
169.926242,173,1645.804252
169.919992,173,1647.499159
170.02093,173,1648.955744
169.816242,173,1650.599908
169.942805,173,1652.232078
169.925617,173,1653.863505
169.871242,173,1655.422123
170.043742,173,1656.93707
169.894992,173,1658.622998
170.074367,173,1660.191757
170.436242,174,1661.824247
169.741242,173,1679.761545
170.051555,173,1681.383559
169.870617,173,1683.066706
169.91843,173,1684.661273
169.683742,173,1686.289778
169.65968,173,1687.909992
169.980305,173,1689.432455
170.028117,173,1691.087097
169.926242,173,1692.740855
169.854992,173,1694.42841
169.864055,173,1696.123128
170.121242,173,1697.700235
169.549992,173,1715.485725
102.967177,105,1716.449764
169.70718,173,1718.115975
169.863742,173,1719.704765
169.42968,173,1721.297295
169.864367,173,1723.047148
168.63968,172,1724.570235
170.035305,173,1726.208628
170.69093,174,1727.945995
169.778117,173,1729.520476
169.66093,173,1732.404552
169.707492,173,1733.923579
169.88718,173,1735.548427
170.012492,173,1753.415524
169.809055,173,1754.982622
169.73843,173,1756.676209
169.540617,173,1758.322354
168.109992,172,1759.846014
169.366867,173,1761.597026
169.086555,173,1763.230316
169.864367,173,1764.894257
169.702805,173,1766.559367
102.959365,105,1767.58015
169.411242,173,1769.255299
169.581242,173,1770.854514
169.595617,173,1788.617869
169.894367,173,1790.238963
169.57343,173,1791.912395
169.69968,173,1793.563979
169.629367,173,1795.158962
169.949992,173,1796.89217
169.86468,173,1798.51405
168.646867,172,1800.199221
170.401867,174,1801.893947
170.46968,174,1803.545006
170.209992,174,1805.191444
170.44093,174,1806.807498
169.996867,173,1824.516378
170.105617,173,1826.205458
169.671242,173,1827.741944
169.854992,173,1829.446695
169.773117,173,1831.005461
169.972492,173,1832.690195
169.644992,173,1834.427706
170.074367,173,1835.932657
169.816242,173,1837.599785
170.05093,173,1839.149982
169.934055,173,1840.67092
169.96093,173,1858.838788
169.98843,173,1860.312619
169.538742,173,1861.92012
169.831867,173,1863.556965
170.05093,173,1865.084599
169.95718,173,1866.797611
170.066555,173,1868.394424
170.020305,173,1870.003672
169.412492,173,1871.646311
168.785617,173,1874.316389
169.805305,173,1875.964365
170.01968,173,1877.600679
169.794367,173,1895.379197
169.824055,173,1897.061946
169.903117,173,1898.677325
169.917805,173,1900.226243
170.00468,173,1901.895624
169.879055,173,1903.44866
170.074367,173,1905.020591
169.909992,173,1906.734498
169.989055,173,1908.350635
169.874992,173,1910.024769
170.683117,174,1911.648072
169.714367,173,1913.298451
170.082805,173,1931.43128
170.043742,173,1933.101758
170.160305,173,1934.76259
169.668742,173,1936.283238
170.089992,173,1937.857882
170.066555,173,1939.556443
170.183742,173,1941.173758
170.152492,173,1942.808269
170.082805,173,1944.435504
170.02093,173,1945.99982
169.98968,173,1947.663589
170.089992,173,1949.213148
169.754367,173,1966.912285
170.02093,173,1968.588578
170.035305,173,1970.285486
170.036555,173,1971.936584
170.106242,173,1973.568491
170.152492,173,1975.208905
170.168117,173,1976.873007
170.097805,173,1978.598976
170.09843,173,1980.243309
169.974055,173,1981.807907
170.06718,173,1983.421092
170.03593,173,1985.175217
170.168117,173,2002.770139
170.749367,174,2004.381148
170.106242,173,2006.022454
170.17593,173,2007.605485
169.634055,173,2009.306633
169.779055,173,2010.919034
169.849055,173,2012.659447
170.013117,173,2016.086479
170.114055,173,2017.661699
169.91843,173,2019.336083
170.795305,174,2020.908146
170.05218,173,2022.522131
170.106242,173,2040.630117
170.17593,173,2042.19479
170.020305,173,2043.825254
170.105617,173,2045.454944
170.114055,173,2047.040132
170.05218,173,2048.666761
170.183742,173,2050.311236
170.792805,174,2051.877986
170.058742,173,2053.529555
170.183742,173,2055.122355
169.950617,173,2056.828067
169.888742,173,2074.552802
169.503117,173,2076.168487
169.925617,173,2077.730083
169.972492,173,2079.249913
169.73218,173,2080.809193
170.013117,173,2082.55031
170.106242,173,2084.137307
170.074992,173,2085.735536
170.044367,173,2087.22628
168.906867,173,2088.864245
170.106242,173,2090.461494
169.896555,173,2092.065647
169.842492,173,2109.887893
170.114055,173,2111.421201
169.95843,173,2113.038327
169.934992,173,2114.615989
169.97468,173,2116.173429
170.106242,173,2117.748017
169.64593,173,2119.341432
169.83468,173,2120.925279
170.03718,173,2122.613017
169.677805,173,2124.285079
169.80968,173,2125.911082
170.021555,173,2127.456068
169.981555,173,2145.191223
169.896555,173,2146.828127
170.090617,173,2148.374542
170.136555,173,2149.94309
170.089992,173,2151.629839
169.957492,173,2153.138838
169.919992,173,2156.121463
170.066242,173,2157.7556
169.714992,173,2159.339822
169.558742,173,2160.987097
169.708117,173,2162.60448
170.044367,173,2164.370137
170.044367,173,2182.35792
170.05218,173,2183.933792
169.63968,173,2185.682457
170.035617,173,2187.296971
169.97468,173,2188.914105
169.71718,173,2190.607054
170.044367,173,2192.121864
169.96468,173,2193.815578
169.823742,173,2195.405587
169.917492,173,2196.961362
170.066867,173,2198.601834
170.028742,173,2200.213231
169.980305,173,2217.962164
169.84093,173,2219.572533
169.96468,173,2221.120911
169.84093,173,2222.796399
170.113742,173,2224.422639
170.114055,173,2226.065636
169.988117,173,2227.754978
170.091242,173,2229.342533
169.688117,173,2231.037511
170.029367,173,2232.641393
170.066867,173,2234.32275
169.96468,173,2235.871707
169.615305,173,2253.756037
169.741555,173,2255.525718
169.655305,173,2257.20927
169.97468,173,2258.934294
169.88718,173,2260.636106
169.84093,173,2262.275946
169.904992,173,2263.953335
170.099055,173,2265.483329
169.771867,173,2267.194571
170.121867,173,2268.916933
169.684367,173,2270.474487
169.80968,173,2288.234258
170.028742,173,2289.841536
168.996867,173,2291.40562
169.835305,173,2293.27072
170.09843,173,2294.836697
170.02093,173,2298.009025
169.966867,173,2299.771164
169.700617,173,2301.423123
169.819367,173,2303.152818
170.044367,173,2304.860949
168.40968,173,2306.596833
169.638742,173,2308.380306
169.989367,173,2326.329848
169.23343,173,2328.130999
169.778742,173,2329.799879
169.926242,173,2331.426235
170.036555,173,2333.195258
168.821555,173,2334.753946
170.05218,173,2336.520104
170.051242,173,2338.293254
169.640305,173,2339.894306
169.08468,173,2341.697654
169.516242,173,2343.315652
169.998117,173,2345.055861
168.78093,173,2363.027935
168.881242,172,2364.683952
85.111829,87,2365.545482
102.40999,105,2366.624945
168.492805,172,2368.290376
169.606555,173,2370.014588
168.54218,172,2371.733893
168.560305,172,2373.372753
169.36843,173,2375.095795
169.85843,173,2376.71476
169.564367,173,2378.397903
168.520617,173,2380.050837
169.84093,173,2381.677301
168.968742,173,2399.32611
103.00999,105,2400.448416
169.168117,173,2402.094739
169.686242,173,2403.743953
168.847492,173,2405.394823
169.84093,173,2407.109911
169.176555,172,2408.774558
169.927492,173,2410.40149
169.801555,173,2412.154297
103.014052,105,2413.201345
169.817492,173,2414.869462
169.919367,173,2416.668215
169.689367,173,2434.668348
103.002177,105,2435.636072
102.924677,105,2436.757223
169.684367,173,2438.455161
102.952177,105,2439.401693
169.786867,173,2442.476561
102.98249,105,2443.40553
103.002177,105,2444.471838
102.865302,105,2445.448315
169.653742,173,2447.134049
170.191555,173,2448.843102
85.010266,87,2449.699627
168.921242,173,2451.414824
169.972492,173,2453.030387
103.00624,105,2454.04241
169.36843,173,2455.78766
168.743742,173,2473.779375
169.60093,173,2475.345384
170.39593,174,2477.050771
169.77843,173,2478.832159
169.31593,173,2480.399088
169.896555,173,2482.17781
167.769055,172,2483.781913
168.39218,173,2485.509354
169.336867,173,2487.30753
169.547805,173,2488.990847
169.044992,173,2490.759397
169.912805,173,2508.728312
169.78968,173,2510.436931
75.226829,77,2511.288486
169.881555,173,2512.997265
169.52468,173,2514.712737
75.265579,77,2515.300412
169.740305,173,2517.039448
170.044367,173,2518.683413
169.632492,173,2520.298307
169.92843,173,2521.934047
170.013117,173,2523.541613
170.114055,173,2525.218969
168.092805,172,2526.842095
169.655617,173,2544.939594
169.989367,173,2546.702582
170.17593,173,2548.343095
169.836867,174,2550.086353
170.17593,173,2551.767538
169.37718,173,2553.487257
169.87218,173,2555.090179
169.551555,173,2556.795431
170.028742,173,2558.567301
169.913117,174,2560.331563
170.044367,173,2561.974787
169.797492,173,2563.647885
169.49593,173,2581.643623
169.96468,173,2583.246034
169.63093,173,2584.848284
169.820305,173,2587.579227
169.819367,173,2589.167279
169.492492,173,2590.77278
169.726242,173,2592.376937
170.05218,173,2593.983895
169.734992,173,2595.530491
170.044992,173,2597.170866
169.735617,173,2598.758251
170.028742,173,2600.32272
169.604055,173,2618.43055
169.615617,173,2620.020488
169.727805,173,2621.674569
169.703742,173,2623.294548
169.911242,173,2624.899717
169.835305,173,2626.555942
169.936242,173,2628.191701
170.153117,173,2629.713399
169.859367,173,2631.475734
170.191555,173,2633.008255
169.63968,173,2634.640156
169.859367,173,2636.307484
75.281204,77,2653.338382
170.12968,173,2655.023719
170.114055,173,2656.627258
169.91343,173,2658.20942
170.03718,173,2659.854263
169.74718,173,2661.465685
169.910617,173,2663.122026
170.136867,173,2664.785773
170.059992,173,2666.380851
170.08343,173,2668.098103
169.805305,173,2669.750482
169.920617,173,2671.325103
170.17593,173,2689.190393
169.800617,173,2690.803714
169.742805,173,2692.431924
170.12968,173,2694.074996
170.183742,173,2695.695432
170.03718,173,2697.318179
169.999992,173,2698.971251
170.136867,173,2700.557713
170.02093,173,2702.10453
169.43718,173,2703.707639
169.907492,173,2705.329623
169.604055,173,2706.894196
170.084055,173,2724.559345
169.859992,173,2726.141418
170.16093,173,2728.852838
169.204992,173,2730.577327
170.47343,174,2732.104463
170.08343,173,2733.699228
169.74718,173,2735.329084
169.964992,173,2736.915041
170.50093,174,2738.56305
169.447492,173,2740.224159
169.863117,173,2741.772898
170.12968,173,2743.463956
170.12968,173,2761.389302
170.480617,174,2762.969885
170.601242,174,2764.631949
170.601242,174,2766.178437
169.361867,173,2767.955814
169.679367,173,2769.499588
170.183742,173,2771.11961
169.894367,173,2772.723986
170.909992,174,2774.257653
169.80468,173,2775.905877
169.886555,173,2777.539749
169.86718,173,2779.125552
170.29968,174,2797.031159
169.936867,173,2798.558497
169.889992,173,2800.124781
169.52343,173,2801.784526
169.58843,173,2803.4089
169.137805,173,2805.003346
169.874367,173,2806.658477
169.338117,173,2808.200025
169.322805,173,2809.842988
170.382805,174,2811.449856
169.569367,173,2813.017571
169.627492,173,2814.720322
167.576555,173,2832.278621
169.689367,173,2833.928329
169.59218,173,2835.493277
169.273117,173,2837.123095
74.657141,77,2837.80897
170.059992,173,2839.409169
169.670305,173,2841.052651
169.32593,173,2842.574451
169.519367,173,2844.265809
169.098742,173,2845.802085
169.40718,173,2847.38693
169.745305,173,2848.913362
169.508742,173,2867.709921
170.527492,174,2869.4326
170.59343,174,2871.145859
170.20843,174,2872.684347
170.282805,174,2874.428954
169.966867,173,2876.008327
170.464992,174,2877.634523
170.496242,174,2879.322913
170.064367,174,2880.935171
170.135617,174,2882.590806
168.922492,174,2884.28036
170.07218,174,2885.922956
170.360305,174,2903.711392
170.678117,174,2905.35957
169.919367,173,2906.966806
170.56093,174,2908.668638
168.755617,172,2910.174029
168.644992,172,2911.849746
169.731555,173,2913.470783
168.647492,172,2915.061724
170.516555,174,2916.747511
169.611867,173,2918.435929
167.97468,173,2920.032378
170.115617,174,2921.654687
168.32968,173,2939.328372
169.01343,173,2940.950666
167.795617,172,2942.55899
168.085305,173,2944.146624
169.33843,173,2945.671323
169.580617,173,2947.281602
168.842492,172,2948.83826
85.172766,87,2949.74996
101.633427,104,2950.679501
168.46593,172,2952.26342
168.411242,172,2953.825988
168.738117,173,2955.433686
168.165617,172,2973.133511
170.231242,174,2974.813723
168.95343,173,2976.375276
170.461867,174,2978.08289
169.07968,173,2979.720483
168.69718,172,2981.251092
169.822805,174,2982.943511
169.572805,173,2984.589655
168.86718,172,2986.129127
169.554992,173,2987.80314
170.739992,174,2989.340418
170.37718,174,2992.130365
170.106867,173,3010.036159
169.475617,173,3011.571897
170.03718,173,3013.222028
169.720617,173,3014.879684
169.85093,173,3016.489681
169.642492,173,3018.152491
169.89718,173,3019.767506
169.69718,173,3021.322919
169.239992,173,3022.909477
168.828117,172,3024.493143
75.544016,77,3025.16335
168.511555,172,3026.796219
170.168742,173,3028.351331
167.86968,172,3046.393404
168.193742,172,3047.95834
164.243742,172,3049.462844
166.529055,172,3051.08277
168.80968,172,3052.635603
169.211242,173,3054.182771
168.374055,172,3055.867447
167.366242,172,3057.350925
169.63593,173,3059.004273
168.507492,172,3060.545694
168.377805,172,3062.210752
164.070617,172,3079.95163
167.746242,172,3081.658742
168.992805,173,3083.295389
168.364367,172,3084.988431
168.372805,172,3086.508692
165.500617,172,3088.267082
169.27843,173,3089.846753
168.584367,172,3091.510961
168.34218,173,3093.104161
169.118117,173,3094.793295
75.741204,77,3095.507078
167.100617,172,3097.06684
170.492492,174,3098.689994
168.08468,172,3116.868536
168.30468,173,3118.52663
168.534992,172,3120.085656
168.147805,172,3121.738451
168.691242,172,3123.299598
168.484055,172,3124.835577
168.91468,173,3126.429484
168.837805,172,3128.042266
168.511867,172,3129.58883
168.559367,172,3131.142172
169.335617,173,3134.244486
167.812805,172,3135.879941
169.243117,173,3153.959536
168.183117,172,3155.550034
168.951242,173,3157.184787
168.096867,172,3158.761566
168.24093,172,3160.427417
168.39218,172,3162.041864
167.816555,172,3163.695276
168.56218,172,3165.265011
168.416867,172,3166.826453
168.828742,172,3168.529284
169.71593,173,3170.095512
169.412492,173,3171.669269
168.855617,173,3189.454198
102.920927,105,3190.46939
74.448079,77,3191.12001
168.78843,173,3192.787242
103.030302,105,3193.726776
168.448117,172,3195.262538
168.690617,172,3196.891138
102.924365,105,3197.841014
168.577805,173,3199.427589
168.390305,172,3201.064377
169.52593,173,3202.61807
168.562805,172,3204.224966
168.901242,173,3205.860795
168.607492,172,3223.586569
168.879055,173,3225.235836
168.32968,172,3226.897941
169.177492,173,3228.566623
168.591867,172,3230.120415
169.524367,173,3231.764583
167.998742,172,3233.342867
103.005927,105,3234.334553
168.584992,172,3235.890949
169.78968,173,3237.571106
168.436555,173,3239.207927
168.460617,172,3240.764369
168.126555,172,3242.392398
167.500617,173,3260.131152
167.907492,172,3261.722499
168.559367,173,3263.371387
167.968742,172,3264.972168
168.50093,172,3266.567647
169.258742,173,3268.173705
169.242492,173,3269.800502
167.770305,173,3271.41555
169.106555,173,3274.283798
168.418742,172,3275.886601
167.380617,172,3277.500933
167.58593,172,3295.532565
166.70093,173,3297.104792
169.251555,173,3298.640768
168.223742,173,3300.166967
168.272492,173,3301.780423
167.779992,173,3303.294031
167.51718,172,3304.774087
166.916867,172,3306.438423
168.767492,173,3308.026123
165.082805,171,3309.542776
169.089367,173,3311.346771
168.408742,173,3312.859101
169.269055,173,3331.008508
169.706242,173,3332.621968
169.456242,173,3334.21739
169.22718,173,3335.887703
168.84468,173,3337.546672
76.543391,78,3338.198047
169.52343,173,3339.697032
169.40843,173,3341.276156
76.465891,78,3342.0489
169.159055,173,3343.595433
169.30218,173,3345.16697
169.62593,173,3346.764267
169.60968,173,3348.320225
168.89093,173,3366.465129
169.59218,173,3368.045948
168.524992,172,3369.570078
169.141242,173,3371.298897
168.421242,173,3372.848555
169.61468,173,3374.435175
169.662492,173,3376.011748
169.076867,173,3377.602971
169.324992,173,3379.254725
169.731555,173,3380.894884
169.247492,173,3382.441396
168.498117,173,3384.111601
168.98843,173,3402.086327
168.528117,172,3403.603002
169.16093,173,3405.240146
168.912805,173,3406.941207
169.61468,173,3408.517137
169.397492,173,3410.205872
169.276867,173,3411.779156
170.10968,174,3413.429959
102.970615,105,3416.166034
168.662492,172,3417.755195
169.322492,173,3419.491219
170.133742,174,3421.033542
167.99468,173,3438.848379
168.89093,173,3440.555304
167.84343,173,3442.230602
102.571552,105,3443.238136
102.795927,105,3444.177869
169.055617,173,3445.775576
166.413742,172,3447.507511
167.223742,172,3449.134936
167.176242,173,3450.894165
73.734954,77,3451.593572
167.774055,173,3453.198604
168.233117,173,3454.933487
167.721555,173,3456.499458
165.833742,172,3474.696478
164.645617,172,3476.295866
102.61749,105,3477.324249
166.359055,172,3478.846321
166.17093,174,3480.482565
164.439367,174,3482.161239
169.14468,174,3483.823643
168.78968,174,3485.523471
167.355305,173,3487.195832
73.690266,77,3487.882634
166.830305,173,3489.489499
73.572454,77,3490.183894
166.589055,174,3491.826236
167.535305,172,3493.445138
166.423742,172,3511.289845
167.479055,174,3512.882928
167.658117,172,3514.417455
164.242492,172,3516.176894
167.872805,173,3517.80859
167.328742,172,3519.345202
167.246867,172,3520.966134
166.839992,172,3522.566675
166.554992,172,3524.271772
164.90968,172,3525.956236
166.399367,172,3527.527512
168.14593,174,3529.069641
165.477805,172,3546.925563
167.088117,172,3548.512919
168.59968,173,3550.075654
168.259055,174,3551.749835
168.888117,174,3553.299889
168.726555,173,3554.904121
169.18468,174,3558.218434
167.840617,173,3559.896795
169.263742,174,3561.561224
169.351867,174,3563.233968
168.403742,173,3564.805722
167.92343,173,3583.056562
169.503742,173,3584.668334
167.888117,172,3586.20351
169.803117,174,3587.834457
102.50624,105,3588.764863
168.36968,173,3590.366415
167.538742,172,3591.925096
166.446242,172,3593.448367
168.535617,173,3595.158192
166.511555,171,3596.704971
168.473742,174,3598.464906
169.14843,174,3600.005672
74.862766,77,3600.69132
168.839367,173,3618.746713
169.211555,174,3620.27639
169.183742,173,3621.9147
168.51093,173,3623.49641
169.327492,173,3625.071063
169.366242,174,3626.759593
168.286867,173,3628.36384
169.429367,173,3630.016868
75.242454,77,3630.718113
167.995305,172,3632.304538
167.323117,172,3633.963908
169.056555,174,3635.627984
169.124055,173,3637.216845
168.716242,173,3655.335185
166.617805,172,3656.931939
74.887766,77,3657.69833
166.280305,173,3659.185466
75.640891,77,3659.823404
75.532141,77,3660.427525
73.603704,77,3661.18698
74.973391,77,3661.835518
166.024055,173,3663.487792
76.485266,78,3664.158929
168.40468,173,3665.682197
75.306204,77,3666.273816
75.180891,77,3666.967876
166.58468,173,3668.575789
166.214992,172,3670.164483
75.244329,77,3670.80536
74.912141,77,3671.476787
75.059329,77,3672.152811
168.194367,172,3690.201612
166.74218,172,3691.841486
167.242805,173,3693.579639
166.282805,172,3695.161757
84.005891,87,3695.917091
100.50624,103,3696.867036
75.678079,77,3697.585337
83.021204,85,3699.751806
167.29218,173,3701.432878
82.394641,85,3702.208611
166.21593,172,3703.79368
102.272802,105,3704.784725
84.541204,87,3705.518608
82.949641,86,3706.319323
84.779016,87,3707.145505
167.778742,173,3708.88316
75.338079,77,3726.092917
82.735891,86,3726.817726
166.685305,173,3728.453919
84.506516,87,3729.268234
166.135617,172,3730.812649
166.232805,172,3732.355991
84.509954,87,3733.169429
167.16218,173,3734.894391
168.116555,173,3736.547352
166.67843,173,3738.299728
168.085305,174,3739.849371
165.705617,173,3741.481176
168.003117,173,3743.146675
84.972454,87,3744.029832
64.528332,67,3744.567519
102.39249,105,3762.240803
168.169055,174,3763.891333
166.879992,172,3765.576363
168.484992,173,3767.22804
166.597492,173,3768.764058
67.458644,70,3769.426854
101.813427,105,3770.445205
165.899367,172,3771.966816
101.787802,104,3772.978914
167.90843,173,3774.528816
83.835579,87,3775.37337
102.370615,105,3776.3317
167.193117,172,3777.949154
167.18343,172,3779.509995
168.503117,174,3797.455269
168.614367,173,3799.03091
85.130579,87,3799.827122
75.308704,77,3800.505458
167.776867,173,3802.073379
167.84093,172,3803.658341
168.508742,173,3805.225391
166.991867,173,3806.891456
102.269677,105,3807.897609
169.461867,174,3809.53149
168.934367,173,3811.201597
167.926867,173,3812.823253
168.118117,173,3814.440238
166.681867,173,3816.122504
168.224367,173,3834.123457
168.600305,173,3835.733701
167.71218,173,3837.504277
168.638742,173,3839.097836
168.631555,174,3842.403157
167.141242,173,3844.077312
167.620617,173,3845.742028
168.254055,173,3847.363279
168.273117,173,3849.111026
168.651867,173,3850.714318
168.46093,173,3852.332767
168.537492,173,3870.392959
168.401555,173,3871.982205
167.758117,173,3873.732976
167.829367,173,3875.376311
168.000305,173,3876.896689
168.62968,173,3878.507395
168.809055,173,3880.134271
166.726867,172,3881.641349
167.411867,173,3883.36748
167.519992,173,3885.036933
168.703742,173,3886.659394
168.54968,173,3888.244828
167.768742,173,3906.183289
169.14843,173,3907.819056
168.242492,173,3909.474301
167.427492,172,3911.127517
167.668117,173,3912.677126
168.224055,173,3914.272718
169.099992,173,3915.924436
168.58343,173,3917.572364
168.369992,173,3919.260662
167.070305,172,3920.888697
169.32343,174,3922.45211
168.52593,173,3924.064098
167.122805,172,3941.726086
169.273117,173,3943.368258
169.019992,173,3945.016239
168.38218,173,3946.585627
167.499992,172,3948.167581
168.895305,173,3949.814721
168.710305,173,3951.51074
167.479367,173,3953.298771
168.838742,173,3954.838409
167.61968,172,3956.379252
169.126867,173,3958.116282
166.202492,172,3959.6922
168.989992,173,3977.657781
168.954367,173,3979.259277
167.875305,173,3980.883931
169.186555,173,3984.227041
168.634055,173,3985.849953
167.737492,173,3987.519093
166.88093,171,3988.993068
168.519367,173,3990.566958
169.094055,173,3992.274275
168.82718,173,3993.895366
169.454992,174,3995.564638
167.08218,172,3997.157138
168.751867,173,4015.054899
169.20343,173,4016.713972
169.42968,173,4018.304151
168.22468,172,4019.966718
167.269367,172,4021.639056
84.769954,87,4022.393638
169.109992,173,4023.980906
168.62343,173,4025.528154
169.099055,173,4027.193223
168.574367,173,4028.772459
169.11968,173,4030.372027
169.33468,173,4032.044528
169.089992,173,4049.732327
168.546242,173,4051.334899
168.78468,173,4052.874995
169.559055,173,4054.521287
169.19218,173,4056.188697
169.612492,173,4057.854974
169.175617,173,4059.468462
169.276555,173,4061.180043
169.258742,173,4062.756313
169.349367,173,4064.393426
169.467805,173,4066.073992
169.44968,173,4067.631665
169.25343,173,4085.668734
169.574367,173,4087.338296
168.94718,173,4088.98049
169.03093,173,4090.587637
75.598704,77,4091.196672
169.503742,173,4092.932974
168.85343,173,4094.57844
170.00718,173,4096.273546
169.492805,173,4097.906678
170.131555,173,4099.561011
169.633117,173,4101.276715
169.298742,173,4102.933034
169.87468,173,4120.780599
169.57093,173,4122.387532
169.826242,173,4123.995094
169.806555,173,4127.593309
169.578742,173,4129.213296
169.34718,173,4130.836621
169.456242,173,4132.450509
169.601242,173,4134.054238
168.512805,172,4135.796573
168.667805,172,4137.409334
169.385305,173,4139.022525
169.54093,173,4140.733121
169.733742,173,4158.691349
169.674055,173,4160.415016
169.43593,173,4161.979798
169.718117,173,4163.558713
169.356555,173,4165.19196
169.378742,173,4166.840415
169.44718,173,4168.405058
169.516867,173,4170.082756
169.927805,173,4171.678908
169.749055,173,4173.206159
169.571555,173,4174.845848
168.278117,173,4176.408931
169.181242,173,4194.279704
169.452805,173,4195.907947
169.997492,173,4197.607683
169.998742,173,4199.266699
170.059992,173,4200.838148
169.85093,173,4202.471776
169.89968,173,4204.025417
169.787805,173,4205.737973
169.772805,173,4207.288877
169.92718,173,4208.857328
169.982492,173,4210.471489
169.413117,173,4212.021124
169.732805,173,4229.795992
169.78718,173,4231.448771
169.867805,173,4233.15346
169.586555,173,4234.885409
170.028742,173,4236.457724
75.553079,77,4237.21392
169.666242,173,4238.862853
75.560891,77,4239.544326
169.904992,173,4241.225948
169.69593,173,4242.876107
169.825305,173,4244.509252
169.501242,173,4246.153378
169.43843,173,4247.743997
169.389055,173,4265.760703
169.648742,173,4268.937741
169.669992,173,4270.544316
169.835305,173,4272.238773
170.312805,174,4273.923625
170.443742,174,4275.511304
169.446867,173,4277.241441
169.659367,173,4278.838083
169.811242,173,4280.707455
169.966867,173,4282.466566
169.918117,173,4284.194665
169.31093,173,4285.948085
170.561555,174,4303.637075
169.580617,173,4305.217452
169.37093,173,4306.950265
169.207492,173,4308.628879
169.584367,173,4310.287822
170.48343,174,4311.985766
169.945305,174,4313.550032
168.754055,173,4315.173189
169.945305,174,4317.027191
170.369367,174,4318.705709
170.388742,174,4320.359246
170.491867,174,4322.080123
170.484992,174,4340.323073
168.58218,173,4342.115964
169.172805,173,4343.732785
169.842805,173,4345.32512
168.86843,173,4347.045368
169.39968,173,4348.711276
169.278742,173,4350.278794
168.696867,173,4351.929733
169.751867,173,4353.549807
169.156555,173,4355.218381
169.35718,173,4356.858124
85.090891,87,4357.663368
102.264052,105,4375.124512
75.204641,77,4375.81115
170.304055,174,4377.549963
168.970305,173,4379.30397
102.52749,105,4380.197612
75.520579,77,4380.862108
170.08593,174,4382.537108
167.493742,172,4384.15562
170.29843,174,4385.734128
74.957766,77,4386.359987
169.105305,173,4388.090149
169.756867,174,4389.740388
168.594992,173,4391.247733
74.390266,77,4391.991382
85.150891,87,4392.820793
169.367492,173,4412.526522
169.538117,174,4414.105886
167.88093,173,4415.759654
167.494367,173,4417.378944
168.006242,173,4418.945806
167.807805,173,4420.50229
168.552492,173,4422.184602
168.650617,173,4423.889478
169.78718,174,4425.690515
169.040617,174,4427.34196
168.37218,173,4428.950188
168.366555,173,4430.585814
168.849992,173,4448.482148
169.120617,173,4450.086237
169.63343,174,4451.785325
168.916867,173,4453.415482
168.904055,173,4454.977377
168.942805,173,4456.680318
169.260305,174,4458.251915
167.976867,173,4459.918059
167.62718,173,4461.513536
170.265305,174,4463.087917
170.029367,174,4464.680773
169.01593,173,4466.234315
168.79468,173,4484.1872
169.22718,173,4485.787311
168.524367,173,4487.381647
75.433079,78,4488.056911
168.299992,173,4489.604181
167.407492,172,4491.279552
169.48718,173,4493.023624
168.81343,173,4494.540439
169.451242,173,4496.062976
167.91968,173,4497.678696
102.593427,105,4498.672989
168.788742,174,4500.215876
168.799367,174,4501.876891
83.818704,87,4519.019386
167.297492,172,4520.629273
168.952492,173,4522.261816
169.186555,173,4523.853615
168.942492,174,4525.613083
168.672492,173,4527.198519
84.885266,87,4528.023436
102.029677,105,4528.982906
168.189055,173,4530.685246
169.616867,173,4532.307606
167.649055,172,4533.957745
84.326204,87,4534.810627
168.94843,173,4538.506681
168.751242,173,4556.638791
85.108079,87,4557.416069
167.948742,173,4559.061397
168.791242,173,4560.576209
168.05718,173,4562.285333
168.287492,172,4564.042366
63.753019,66,4564.727814
83.157141,87,4565.518309
170.228117,174,4567.162364
169.34343,173,4568.848531
102.209365,105,4569.850263
168.975617,173,4571.526506
169.065617,173,4573.167896
168.249055,173,4574.804585
74.908079,77,4575.505783
168.806242,173,4593.444806
73.498391,77,4594.141643
74.939329,78,4594.776987
168.464367,173,4596.454105
167.296867,173,4598.082748
99.315927,104,4599.079544
167.838742,172,4600.608631
168.185305,172,4602.292019
169.252805,173,4603.941366
168.74343,172,4605.543348
167.582805,173,4607.192308
75.586204,77,4607.883887
168.44218,172,4609.524481
168.50593,173,4611.155697
169.125617,174,4629.016446
169.028742,173,4630.65101
75.349641,77,4631.435863
169.425305,173,4632.999359
168.693117,173,4634.775948
169.19718,173,4636.37366
169.071867,173,4637.988139
169.983117,174,4639.675585
168.193117,173,4641.309845
169.492492,173,4642.917918
169.73593,174,4644.563452
72.079329,77,4645.200968
167.434367,172,4646.911738
101.11749,105,4663.923854
168.02343,172,4665.616137
167.60718,173,4667.247055
82.326829,87,4668.01178
169.01593,173,4669.590686
74.859016,77,4670.255282
167.452805,172,4671.849046
169.226555,173,4673.475047
168.53968,173,4675.171412
169.294992,173,4676.730113
169.321867,173,4678.335648
169.302492,173,4681.942969
165.931242,173,4683.60151
169.058742,174,4701.444939
169.166867,173,4703.088361
169.771242,173,4704.646321
74.517766,77,4705.389817
170.481242,174,4707.078454
169.95218,174,4708.811892
168.493117,173,4710.384654
169.16093,173,4711.997323
168.108742,173,4713.586186
75.295266,77,4714.145913
169.091242,173,4715.809607
169.410617,173,4717.4318
168.64218,172,4719.039503
169.440305,173,4736.901633
169.388117,173,4738.474319
168.88968,172,4740.13175
169.926867,174,4741.711665
169.079055,173,4743.451182
167.00093,173,4745.113953
166.756242,173,4746.820199
169.672805,174,4748.502302
163.604992,172,4750.186301
170.215305,174,4751.838403
170.692492,174,4753.425201
168.951242,173,4755.059711
62.239269,67,4771.730328
168.794055,173,4773.344538
168.15343,172,4774.9184
168.24718,172,4776.435651
168.938117,173,4778.159991
72.978391,78,4778.850019
73.344641,77,4779.517717
169.457805,173,4781.134354
168.036867,172,4782.827983
169.36093,173,4784.382774
169.11093,173,4786.01261
170.231867,174,4787.726108
169.47343,173,4789.366793
74.184016,77,4790.077062
72.402454,77,4806.84877
169.45968,174,4808.637307
169.157492,173,4810.226014
169.95968,174,4811.95037
169.235617,173,4813.636316
169.304992,173,4815.304569
169.733742,174,4817.094353
168.949367,173,4818.890248
169.795305,174,4820.548121
168.266867,172,4823.444668
169.22468,173,4825.094541
170.101242,174,4826.727344
167.53843,173,4844.86187
168.716242,173,4846.562408
169.996867,173,4848.353826
170.886555,174,4850.019486
169.433117,173,4851.739209
169.932805,174,4853.455918
169.263742,173,4855.101867
169.925617,174,4856.818902
169.989055,173,4858.496416
169.48968,173,4860.163257
169.544367,173,4861.987761
169.168742,172,4863.677248
170.129055,174,4881.828187
170.394055,174,4883.506598
169.897805,174,4885.192878
170.11218,174,4886.904608
169.594367,173,4888.452789
169.95218,174,4890.040594
168.73093,173,4891.721747
169.402805,173,4893.396107
169.56218,173,4895.15845
169.968117,174,4896.754715
169.31593,173,4898.400383
169.491867,174,4900.164317
169.420617,174,4918.362895
170.597492,174,4920.094319
170.37843,174,4921.774743
170.37843,174,4923.356504
169.64843,173,4924.927808
169.628742,173,4926.623833
169.747805,174,4928.24052
169.58968,173,4929.931844
169.859367,173,4931.518332
169.58968,173,4933.190321
170.16343,174,4934.756829
169.21843,173,4936.395951
169.64843,173,4954.511948
168.080617,173,4956.211865
169.471867,174,4957.831281
170.081242,174,4959.57576
168.12968,172,4961.303997
169.564992,174,4962.929358
169.749992,173,4964.544642
170.296242,174,4967.837671
170.558117,174,4969.517284
169.46468,173,4971.151739
169.881867,174,4972.786304
170.210305,174,4990.527731
169.87968,173,4992.313901
169.842492,174,4994.040853
169.300305,173,4995.675307
169.241555,173,4997.409831
170.089367,174,4998.990954
169.877805,174,5000.6057
169.789055,173,5002.287887
169.791867,174,5003.910992
170.17218,174,5005.553658
170.523117,174,5007.199586
169.640617,173,5008.799845
169.644055,173,5026.601679
74.588079,77,5027.278876
167.534367,172,5028.776502
169.17468,173,5030.430403
169.748742,173,5032.000672
169.854992,173,5033.746399
169.370305,173,5035.302057
170.184367,174,5036.817296
168.904055,173,5038.513039
168.066242,173,5040.052879
169.241555,173,5041.647976
170.104992,174,5043.207647
168.927492,173,5044.790134
71.622454,77,5061.904907
164.91843,173,5063.505949
73.004329,77,5064.225816
97.178115,105,5065.126948
169.690617,174,5066.782094
71.062141,77,5067.539524
166.333742,174,5069.17341
164.419367,173,5070.826595
72.886204,77,5071.386953
71.935266,77,5072.08388
72.096829,77,5072.74572
71.721516,77,5073.452152
71.127454,77,5074.1147
72.312141,77,5074.774717
71.493079,77,5075.495544
72.146204,77,5076.262332
71.273391,77,5076.898492
73.166516,77,5077.575953
169.616242,174,5079.188206
71.844954,77,5079.847836
166.718117,173,5097.667226
72.786829,77,5098.286173
162.502492,173,5099.853127
165.469055,174,5101.519728
71.873391,77,5102.199742
166.01968,173,5103.871787
71.943704,77,5104.500062
71.484329,77,5105.22844
72.526516,77,5105.937742
72.451204,77,5107.78171
71.623079,77,5108.474556
167.494367,174,5110.12685
71.280266,77,5110.772804
72.923704,77,5111.375469
71.168704,78,5112.089535
71.944329,77,5112.789624
71.640266,77,5113.432913
71.415266,77,5114.090967
72.875266,77,5114.686585
164.594055,173,5132.704108
71.928704,77,5133.265905
166.522492,173,5134.948284
161.048742,172,5136.490339
71.536829,77,5137.228805
167.912805,173,5138.949856
162.931242,173,5140.614413
71.499329,77,5141.300658
71.338079,77,5142.020077
71.349954,77,5142.647644
167.20343,173,5144.329552
164.445617,173,5145.853548
61.986769,67,5146.462807
167.92218,174,5148.103586
71.585891,77,5148.738811
72.822454,77,5149.371715
71.064954,77,5150.091247
159.789992,172,5168.021521
163.43593,173,5169.727511
72.930266,77,5170.423814
158.520617,172,5172.056864
98.334365,105,5172.985872
168.409055,173,5174.573922
71.391829,77,5175.208054
165.08218,174,5176.908148
71.071829,77,5177.591746
70.341204,77,5178.206596
165.789367,173,5179.890967
71.326204,77,5180.533605
72.375579,77,5181.279603
164.84093,173,5182.806246
166.16718,172,5184.478453
165.437805,173,5186.12937
157.492805,172,5203.846744
71.882454,77,5204.523351
165.91093,175,5206.087658
163.39968,172,5207.781058
164.649055,172,5209.522503
166.111867,174,5211.26517
162.93343,172,5213.007534
163.329992,173,5214.583663
160.604367,172,5216.276488
164.38593,173,5217.913063
165.265617,173,5219.446193
163.44343,173,5221.096976
162.954992,172,5239.124508
166.446555,174,5240.787926
161.232805,172,5242.35289
164.356242,175,5243.957185
163.670617,172,5245.60197
164.316242,173,5248.286491
164.767492,172,5249.901924
166.469055,173,5251.526964
165.336555,173,5253.193427
99.97874,105,5254.137651
163.52718,173,5255.806833
165.171242,173,5257.514177
163.426242,172,5275.347126
166.81843,174,5276.973759
166.041867,174,5278.674393
167.352492,173,5280.344463
74.648079,77,5281.024839
165.15718,172,5282.612839
165.096867,173,5284.279873
167.305305,173,5285.918157
166.354055,172,5287.42186
72.031204,77,5288.166314
164.756555,172,5289.771335
166.511555,173,5291.351784
167.814367,174,5293.007507
165.188117,172,5310.973293
169.101242,174,5312.704794
164.532805,172,5314.327016
168.773117,173,5315.932588
166.199992,173,5317.552302
168.498117,173,5319.153759
163.34093,173,5320.867841
166.408742,173,5322.476195
165.073742,173,5324.046185
163.196867,173,5325.636963
164.787492,173,5327.235253
165.359992,173,5328.845885
168.379367,174,5346.854034
167.381555,173,5348.494804
169.113117,174,5350.060014
167.041867,173,5351.78436
167.139367,174,5353.41313
167.73968,174,5355.036888
167.28343,173,5356.723185
167.312805,174,5358.311955
167.835305,174,5359.901708
167.354367,174,5361.493287
164.971867,175,5363.152328
102.427802,105,5364.141627
167.521867,173,5382.128099
167.871555,173,5383.919092
168.961242,174,5385.666078
167.513117,173,5387.309872
167.193742,173,5390.085743
168.564367,174,5391.740805
167.44218,173,5393.367856
168.01593,173,5395.019427
167.22468,173,5396.646733
167.990305,173,5398.294772
167.93968,173,5399.937925
168.176242,173,5401.706184
167.349055,173,5419.647283
167.348117,174,5421.291731
168.596242,174,5422.993885
167.716242,174,5424.607214
167.42843,174,5426.226447
168.62468,173,5427.861711
167.902492,173,5429.581181
167.035617,173,5431.190309
168.746867,173,5432.878179
167.067492,173,5434.527333
167.074055,173,5436.182239
168.326867,174,5437.802294
166.538117,173,5455.755722
167.29468,173,5457.434114
168.42218,173,5459.097507
168.08843,173,5460.770835
74.258079,77,5461.452672
167.549367,173,5463.212815
167.18718,173,5464.938884
168.113117,173,5466.605637
167.459055,173,5468.335243
165.948117,173,5469.943716
167.643117,173,5471.660959
168.12843,173,5473.393744
169.18718,174,5491.396144
169.77968,174,5493.04609
167.836867,173,5494.723619
166.801867,173,5496.612942
168.911242,173,5498.291804
167.196867,173,5499.962627
168.44593,174,5501.715059
167.788742,173,5503.369085
166.901555,173,5505.031856
169.601555,174,5506.706502
167.428117,173,5508.439021
167.741555,173,5510.111516
167.351242,173,5528.087473
167.540305,173,5529.765905
167.451867,173,5531.451496
167.286242,174,5535.113542
167.651867,173,5537.02907
167.044055,173,5538.654599
166.00343,173,5540.428424
167.964055,173,5542.170965
166.88468,173,5543.82156
168.173117,173,5545.485656
168.356242,173,5547.147741
167.324992,173,5548.847209
167.413742,173,5566.842625
166.774367,173,5568.541042
167.141242,173,5570.342109
168.013117,173,5572.040202
167.47843,173,5573.709054
167.104055,173,5575.377139
167.11718,173,5577.185314
167.715617,173,5578.878976
166.814055,173,5580.623318
167.383117,173,5582.308597
166.877805,173,5583.991405
167.41218,173,5585.602233
168.244367,173,5603.814028
168.561867,173,5605.471902
168.512492,174,5607.257648
167.549055,174,5608.881948
167.94218,173,5610.547979
168.81343,173,5612.21876
169.14093,173,5613.765025
167.745617,173,5615.638714
168.696242,173,5617.280676
167.69218,173,5618.866744
168.403742,173,5620.585119
167.85343,173,5622.314141
168.231867,173,5640.076827
168.471555,173,5641.798369
165.151242,172,5643.415753
168.70593,173,5645.106153
168.720305,173,5646.92178
167.461867,174,5648.48089
168.637492,173,5650.125498
169.161242,173,5651.778925
168.51343,173,5653.438192
168.578742,173,5655.217605
168.829992,173,5656.871406
168.56218,173,5674.818543
169.071242,174,5676.530642
169.529055,174,5679.603528
168.441867,173,5681.293204
168.299992,173,5682.936286
84.511829,87,5683.707505
168.773117,173,5685.402343
168.718742,173,5687.078522
169.310305,173,5688.73799
168.70593,173,5690.372301
169.93343,174,5692.01438
102.39624,105,5693.044777
169.768742,174,5694.709561
169.114055,173,5712.710471
102.66624,105,5713.609666
169.352492,174,5715.466621
169.44843,174,5717.075502
167.926867,173,5718.740839
167.606242,173,5720.51985
102.79499,105,5721.477944
101.877802,105,5722.327736
170.569992,174,5724.021171
169.731555,173,5725.547683
168.59468,173,5727.228123
166.712805,173,5728.89985
168.276242,173,5730.548993
166.282492,173,5748.573939
168.764992,174,5750.234077
84.280891,87,5751.103922
167.99593,173,5752.746691
168.776555,173,5754.358869
167.843117,173,5756.188703
169.134367,174,5757.790075
168.817492,173,5759.503618
168.428742,173,5761.151206
167.542805,173,5762.828794
167.565617,173,5764.47349
168.606242,173,5766.247612
170.060617,174,5784.410427
169.090617,173,5786.039808
169.761555,174,5787.633071
166.934992,172,5789.239784
169.726242,174,5790.862514
165.665305,173,5792.535141
168.918117,173,5794.113859
101.443115,105,5795.062973
167.219992,173,5796.711145
101.659052,105,5797.738839
168.067805,174,5799.447883
101.19124,105,5800.382715
162.538117,172,5802.014673
81.124016,85,5802.737658
167.446555,172,5820.694094
168.640305,174,5823.448322
83.555579,86,5824.255229
169.095617,174,5825.814864
166.994367,173,5827.490937
165.041867,173,5829.04986
166.518742,173,5830.678805
166.310617,173,5832.281589
164.88593,173,5833.902248
167.87843,174,5835.576272
168.08218,173,5837.152779
165.361555,173,5838.722446
73.830891,77,5839.380085
163.346242,172,5857.242206
169.162492,174,5858.91612
166.080305,172,5860.76043
166.468117,174,5862.429336
72.861516,77,5863.160118
167.046555,173,5864.819075
169.428742,174,5866.703153
98.130302,105,5867.61032
165.666867,173,5869.326886
167.396555,173,5871.013561
167.141867,174,5872.67268
165.830617,173,5874.33134
165.709367,172,5875.964789
73.676516,77,5892.657415
167.51593,173,5894.24422
168.035305,173,5895.879558
166.500305,172,5897.523698
167.327492,173,5899.158897
167.855617,173,5900.782639
166.189992,172,5902.321627
168.102805,173,5903.965782
167.63718,172,5905.712968
73.134329,77,5906.431682
167.571242,173,5908.045794
169.29468,174,5909.691878
72.511204,78,5910.42208
168.569992,174,5928.186604
167.419055,173,5929.87384
169.407492,174,5931.564873
169.265617,174,5933.122991
74.278079,77,5933.778767
169.737805,174,5935.44671
166.681242,173,5937.019307
168.349992,173,5938.771964
169.281867,174,5940.387642
169.269367,174,5942.0439
167.017492,173,5943.78808
169.402805,173,5945.42859
75.265266,78,5946.148047
167.788117,173,5965.397054
167.104367,172,5966.972591
169.266242,173,5968.685143
169.073742,174,5970.27224
169.11093,173,5972.034158
168.379055,173,5973.709809
168.73093,173,5975.220146
167.985305,173,5976.893109
169.328742,173,5978.670037
169.643742,174,5980.406232
168.347492,173,5982.220372
166.61093,173,5983.863695
169.687805,174,6001.70216
166.644992,173,6003.391398
169.223117,173,6005.066112
169.204055,174,6006.717845
169.00343,173,6008.459924
169.852805,173,6010.04578
168.926242,173,6011.710323
169.086555,173,6013.295835
169.902492,174,6014.88965
167.344367,173,6016.526429
169.36843,173,6018.186858
169.25843,173,6019.790025
168.400617,173,6037.617949
169.265305,173,6039.267288
169.22843,173,6040.865665
169.14843,173,6042.474306
169.834055,174,6044.098655
169.266867,173,6045.686841
169.196555,173,6047.343923
169.30593,173,6048.994624
170.09843,173,6050.588667
169.35218,173,6052.269393
169.375617,173,6053.904921
169.101555,173,6055.68473
169.352805,173,6074.007189
169.149992,173,6075.641026
169.32093,173,6077.243112
169.778117,173,6079.049654
170.56593,174,6080.604508
168.816867,173,6082.292441
168.987805,173,6083.912028
170.79343,174,6085.532043
169.851555,173,6087.181214
170.105617,173,6088.957192
169.429367,173,6092.75148
74.947454,77,6093.426003
169.35968,173,6111.401462
166.97843,173,6113.00924
169.313117,173,6114.72364
170.03593,173,6116.549326
169.399055,173,6118.23081
169.07093,173,6119.909879
168.216867,173,6121.489363
169.10218,173,6123.229725
169.313117,173,6125.094284
168.320305,173,6126.664216
169.267492,173,6128.511913
168.840305,173,6130.188059
167.486867,172,6147.924633
168.855305,174,6149.825298
169.449055,175,6151.422852
167.08718,173,6153.127866
167.204367,173,6154.836785
169.452805,173,6156.52492
167.33718,173,6158.239722
168.84093,173,6159.892228
168.926867,173,6161.592552
74.550579,77,6162.302322
166.669992,173,6164.034524
167.297492,173,6165.612167
169.10468,173,6183.473958
167.458742,172,6185.074471
168.261867,173,6186.688539
168.257492,172,6188.3362
166.408742,172,6190.013936
167.261555,173,6191.757726
166.996555,173,6193.230885
169.390617,173,6194.922068
167.290617,172,6196.657497
168.857492,173,6198.300994
166.67093,173,6199.912842
166.69718,172,6201.527909
168.842492,173,6219.28323
169.192492,173,6220.995353
74.434954,77,6221.597292
169.394055,173,6223.279047
168.921867,173,6224.988214
169.945305,174,6226.539308
168.09593,173,6228.343501
168.48593,173,6230.100154
168.877805,173,6231.777966
74.899016,77,6232.533612
169.750305,174,6236.008894
168.858117,175,6237.650904
169.367805,173,6239.294906
74.445579,77,6256.174059
166.46593,172,6257.702536
168.51593,173,6259.294982
169.016555,173,6261.034832
167.879992,173,6262.609865
169.07343,173,6264.26931
169.367805,174,6266.022254
168.823742,173,6267.574582
169.179992,173,6269.224601
168.410305,173,6270.872722
169.96968,174,6272.629615
167.927492,173,6274.258038
166.890305,172,6292.113659
102.354365,105,6293.126316
168.607492,173,6294.774193
102.070302,105,6295.764275
84.382141,87,6296.492388
167.695617,173,6298.126657
169.267492,173,6299.779166
169.329367,173,6301.420682
168.017492,173,6303.101113
167.143117,172,6304.65483
167.72093,173,6306.370448
169.133742,173,6308.035182
168.949367,173,6309.677179
73.737454,77,6310.382033
166.18218,173,6328.1472
165.284367,172,6329.74189
102.06499,105,6330.703218
170.277492,174,6332.424507
168.36093,173,6334.01534
72.195266,77,6334.70225
76.325891,78,6335.43527
166.442492,172,6337.1464
73.604329,77,6337.770664
169.391242,174,6339.455837
60.351144,66,6340.02235
168.333742,173,6341.632423
167.29218,172,6343.37085
84.057454,87,6344.207942
169.938117,174,6345.901438
167.079992,173,6364.018786
169.03593,173,6365.697199
168.999992,173,6367.460974
169.101242,173,6369.074843
168.984367,174,6370.700434
166.556867,172,6372.282397
166.76218,173,6373.849486
170.095305,174,6375.431564
167.89843,172,6378.50615
168.625617,173,6380.073557
168.569992,173,6381.705977
170.000617,174,6383.35107
168.679992,173,6401.281224
168.79093,174,6402.919383
166.843117,173,6404.500687
168.43343,173,6406.122079
168.382492,173,6407.674629
169.506867,174,6409.211806
168.913742,174,6410.874167
168.41718,173,6412.550515
168.634367,173,6414.10889
168.600617,173,6415.70322
168.339992,173,6417.321466
167.814367,173,6418.87
168.010617,173,6437.145592
169.194367,174,6438.748568
167.729055,173,6440.409218
168.798742,174,6442.052722
169.507805,174,6443.614786
168.053117,173,6445.319749
168.808117,173,6446.791209
168.073742,173,6448.424366
169.002492,174,6450.027695
167.187492,173,6451.595101
167.49593,173,6453.308391
170.059367,174,6471.315946
168.178117,173,6473.008473
168.483742,173,6474.700608
168.280617,174,6476.302139
168.283742,173,6477.950993
169.277492,175,6479.607584
166.300305,172,6481.134469
165.651555,172,6482.688416
165.967805,172,6484.313828
167.36968,172,6486.021043
168.79218,174,6487.642424
166.274367,172,6489.150078
169.28468,174,6507.269159
168.03843,173,6508.867586
166.79968,172,6510.400394
169.031242,174,6512.127027
165.973117,172,6513.64318
167.759055,174,6515.238421
166.984992,173,6516.761656
166.315617,172,6519.912075
166.882805,173,6521.64554
168.440617,174,6523.273583
169.289367,174,6524.962312
167.869055,174,6526.669969
